mAP,iter
0.34772882,1000
0.472637,1100
0.60923823,1200